Bbox_Model;Bbox_Firmware_Version;Connexion_Type;OS_Version;PowerShell_Version;Chrome_Version;ChromeDriver_Version
Fast5330b-r1;20.6.8;FTTH;Windows10Pro;5.1.19041.1320;97.0.4692.71;
Fast5330b-r1;20.2.34;FTTH;Windows10Pro;5.1.18362.1171;97.0.4692.71;
Fast5330b-r1;19.2.12;FTTH;Windows10Pro;5.1.18362.1171;97.0.4692.71;
Fast5330b-r1;18.5.4;FTTH;Windows10Pro;5.1.18362.1171;97.0.4692.71;
Fast5330b-r1;18.2.12;FTTH;Windows10Pro;5.1.18362.1171;97.0.4692.71;
Fast5330b-r1;17.13.8;FTTH;Windows10Pro;5.1.18362.1171;97.0.4692.71;
Fast5330b-r1;17.13.4;FTTH;Windows10Pro;5.1.18362.1171;97.0.4692.71;
Fast5330b-r1;17.13.4;FTTH;Windows10Pro;5.1.18362.1171;97.0.4692.71;
Fast5330b-r1;17.10.10;FTTH;Windows10Pro;5.1.18362.1171;97.0.4692.71;
